Id;ano;area ;ecosistema;score_no_n;score_no_c;score_yes_n;score_yes_c;score;long;lat
1;2000;Reserva1;Paramo;4;IV;4;IV;bom;712420,973;9613667,374
2;2000;Reserva1;Paramo;4;IV;4;IV;bom;714487,113;9600274,406
3;2000;Reserva1;Paramo;5;V;5;V;optimo;711460,712;9603985,639
4;2000;Reserva1;Paramo;4;IV;4;IV;bom;711935,183;9600638,488
5;2000;Reserva1;Paramo;5;V;5;V;optimo;707478,077;9610585,526
6;2000;Reserva1;Paramo;4;IV;4;IV;bom;708055,153;9611787,314
7;2000;Reserva1;Paramo;5;V;5;V;optimo;708772,264;9609299,429
8;2000;Reserva1;Paramo;5;V;5;V;optimo;712211,281;9604980,484
9;2000;Reserva1;Paramo;5;V;5;V;optimo;715419,066;9605268,286
10;2000;Reserva1;Paramo;5;V;5;V;optimo;711292,404;9609636,161
11;2000;Reserva1;Paramo;5;V;5;V;optimo;706696,118;9612028,875
12;2000;Reserva1;Paramo;5;V;5;V;optimo;711511,792;9603261,741
13;2000;Reserva1;Paramo;5;V;5;V;optimo;706285,096;9611917,354
14;2000;Reserva1;Paramo;5;V;5;V;optimo;707381,805;9608660,512
15;2000;Reserva1;Paramo;5;V;5;V;optimo;715990,181;9607416,739
16;2000;Reserva1;Paramo;5;V;5;V;optimo;708375,221;9610514,328
17;2000;Reserva1;Paramo;4;IV;4;IV;bom;710525,177;9609280,735
18;2000;Reserva1;Paramo;4;IV;4;IV;bom;711333,816;9600934,46
19;2000;Reserva1;Paramo;5;V;5;V;optimo;714036,249;9605171,166
20;2000;Reserva1;Paramo;4;IV;4;IV;bom;713507,889;9602670,862
21;2000;Reserva1;Bosque;4;IV;4;IV;bom;709912,189;9610720,263
22;2000;Reserva1;Bosque;4;IV;4;IV;bom;710060,828;9606066,156
23;2000;Reserva1;Bosque;5;V;5;V;optimo;715725,387;9606101,267
24;2000;Reserva1;Bosque;4;IV;4;IV;bom;711470,994;9613350,528
25;2000;Reserva1;Bosque;5;V;5;V;optimo;707867,071;9611393,521
26;2000;Reserva1;Bosque;5;V;5;V;optimo;710933,764;9614012,465
27;2000;Reserva1;Bosque;4;IV;4;IV;bom;707511,57;9614289,685
28;2000;Reserva1;Bosque;4;IV;4;IV;bom;711678,751;9607365,69
29;2000;Reserva1;Bosque;4;IV;4;IV;bom;712052,473;9602664,136
30;2000;Reserva1;Bosque;4;IV;4;IV;bom;711434,587;9604196,413
31;2000;Reserva1;Bosque;4;IV;4;IV;bom;708252,832;9608261,266
32;2000;Reserva1;Bosque;5;V;5;V;optimo;713317,558;9607351,911
33;2000;Reserva1;Bosque;4;IV;4;IV;bom;709354,092;9605800,255
34;2000;Reserva1;Bosque;4;IV;4;IV;bom;713493,265;9601151,13
35;2000;Reserva1;Bosque;4;IV;4;IV;bom;710400,334;9609568,186
36;2000;Reserva1;Bosque;4;IV;4;IV;bom;708760,568;9609856,326
37;2000;Reserva1;Bosque;5;V;5;V;optimo;708952,248;9610304,086
38;2000;Reserva1;Bosque;5;V;5;V;optimo;708599,087;9611916,38
39;2000;Reserva1;Bosque;5;V;5;V;optimo;709846,232;9611149,967
40;2000;Reserva1;Bosque;4;IV;4;IV;bom;713678,484;9600496,359
41;2025;Reserva1;Paramo;4;IV;4;IV;bom;712420,973;9613667,374
42;2025;Reserva1;Paramo;4;IV;4;IV;bom;714487,113;9600274,406
43;2025;Reserva1;Paramo;2;II;2;II;ruim;711460,712;9603985,639
44;2025;Reserva1;Paramo;4;IV;4;IV;bom;711935,183;9600638,488
45;2025;Reserva1;Paramo;1;I;1;I;pesimo;707478,077;9610585,526
46;2025;Reserva1;Paramo;4;IV;4;IV;bom;708055,153;9611787,314
47;2025;Reserva1;Paramo;2;II;2;II;ruim;708772,264;9609299,429
48;2025;Reserva1;Paramo;2;II;2;II;ruim;712211,281;9604980,484
49;2025;Reserva1;Paramo;1;I;1;I;pesimo;715419,066;9605268,286
50;2025;Reserva1;Paramo;2;II;2;II;ruim;711292,404;9609636,161
51;2025;Reserva1;Paramo;3;III;3;III;regular;706696,118;9612028,875
52;2025;Reserva1;Paramo;3;III;3;III;regular;711511,792;9603261,741
53;2025;Reserva1;Paramo;5;V;5;V;optimo;706285,096;9611917,354
54;2025;Reserva1;Paramo;1;I;1;I;pesimo;707381,805;9608660,512
55;2025;Reserva1;Paramo;5;V;5;V;optimo;715990,181;9607416,739
56;2025;Reserva1;Paramo;5;V;5;V;optimo;708375,221;9610514,328
57;2025;Reserva1;Paramo;4;IV;4;IV;bom;710525,177;9609280,735
58;2025;Reserva1;Paramo;1;I;1;I;pesimo;711333,816;9600934,46
59;2025;Reserva1;Paramo;5;V;5;V;optimo;714036,249;9605171,166
60;2025;Reserva1;Paramo;3;III;3;III;regular;713507,889;9602670,862
61;2025;Reserva1;Bosque;1;I;1;I;pesimo;709912,189;9610720,263
62;2025;Reserva1;Bosque;2;II;2;II;ruim;710060,828;9606066,156
63;2025;Reserva1;Bosque;5;V;5;V;optimo;715725,387;9606101,267
64;2025;Reserva1;Bosque;4;IV;4;IV;bom;711470,994;9613350,528
65;2025;Reserva1;Bosque;5;V;5;V;optimo;707867,071;9611393,521
66;2025;Reserva1;Bosque;5;V;5;V;optimo;710933,764;9614012,465
67;2025;Reserva1;Bosque;1;I;1;I;pesimo;707511,57;9614289,685
68;2025;Reserva1;Bosque;2;II;2;II;ruim;711678,751;9607365,69
69;2025;Reserva1;Bosque;2;II;2;II;ruim;712052,473;9602664,136
70;2025;Reserva1;Bosque;3;III;3;III;regular;711434,587;9604196,413
71;2025;Reserva1;Bosque;4;IV;4;IV;bom;708252,832;9608261,266
72;2025;Reserva1;Bosque;5;V;5;V;optimo;713317,558;9607351,911
73;2025;Reserva1;Bosque;1;I;1;I;pesimo;709354,092;9605800,255
74;2025;Reserva1;Bosque;3;III;3;III;regular;713493,265;9601151,13
75;2025;Reserva1;Bosque;4;IV;4;IV;bom;710400,334;9609568,186
76;2025;Reserva1;Bosque;1;I;1;I;pesimo;708760,568;9609856,326
77;2025;Reserva1;Bosque;2;II;2;II;ruim;708952,248;9610304,086
78;2025;Reserva1;Bosque;1;I;1;I;pesimo;708599,087;9611916,38
79;2025;Reserva1;Bosque;3;III;3;III;regular;709846,232;9611149,967
80;2025;Reserva1;Bosque;4;IV;4;IV;bom;713678,484;9600496,359
81;2030;Reserva1;Paramo;1;I;2;II;ruim;712420,973;9613667,374
82;2030;Reserva1;Paramo;4;IV;5;V;optimo;714487,113;9600274,406
83;2030;Reserva1;Paramo;2;II;3;III;regular;711460,712;9603985,639
84;2030;Reserva1;Paramo;3;III;4;IV;bom;711935,183;9600638,488
85;2030;Reserva1;Paramo;4;IV;5;V;optimo;707478,077;9610585,526
86;2030;Reserva1;Paramo;5;V;5;V;optimo;708055,153;9611787,314
87;2030;Reserva1;Paramo;5;V;5;V;optimo;708772,264;9609299,429
88;2030;Reserva1;Paramo;4;IV;5;V;optimo;712211,281;9604980,484
89;2030;Reserva1;Paramo;5;V;5;V;optimo;715419,066;9605268,286
90;2030;Reserva1;Paramo;3;III;4;IV;bom;711292,404;9609636,161
91;2030;Reserva1;Paramo;5;V;5;V;optimo;706696,118;9612028,875
92;2030;Reserva1;Paramo;2;II;3;III;regular;711511,792;9603261,741
93;2030;Reserva1;Paramo;1;I;2;II;ruim;706285,096;9611917,354
94;2030;Reserva1;Paramo;1;I;2;II;ruim;707381,805;9608660,512
95;2030;Reserva1;Paramo;5;V;5;V;optimo;715990,181;9607416,739
96;2030;Reserva1;Paramo;2;II;3;III;regular;708375,221;9610514,328
97;2030;Reserva1;Paramo;2;II;3;III;regular;710525,177;9609280,735
98;2030;Reserva1;Paramo;4;IV;5;V;optimo;711333,816;9600934,46
99;2030;Reserva1;Paramo;4;IV;5;V;optimo;714036,249;9605171,166
100;2030;Reserva1;Paramo;2;II;3;III;regular;713507,889;9602670,862
101;2030;Reserva1;Bosque;3;III;4;IV;bom;709912,189;9610720,263
102;2030;Reserva1;Bosque;1;I;2;II;ruim;710060,828;9606066,156
103;2030;Reserva1;Bosque;4;IV;5;V;optimo;715725,387;9606101,267
104;2030;Reserva1;Bosque;5;V;5;V;optimo;711470,994;9613350,528
105;2030;Reserva1;Bosque;3;III;4;IV;bom;707867,071;9611393,521
106;2030;Reserva1;Bosque;5;V;5;V;optimo;710933,764;9614012,465
107;2030;Reserva1;Bosque;3;III;4;IV;bom;707511,57;9614289,685
108;2030;Reserva1;Bosque;1;I;2;II;ruim;711678,751;9607365,69
109;2030;Reserva1;Bosque;3;III;4;IV;bom;712052,473;9602664,136
110;2030;Reserva1;Bosque;1;I;2;II;ruim;711434,587;9604196,413
111;2030;Reserva1;Bosque;5;V;5;V;optimo;708252,832;9608261,266
112;2030;Reserva1;Bosque;3;III;4;IV;bom;713317,558;9607351,911
113;2030;Reserva1;Bosque;5;V;5;V;optimo;709354,092;9605800,255
114;2030;Reserva1;Bosque;5;V;5;V;optimo;713493,265;9601151,13
115;2030;Reserva1;Bosque;4;IV;5;V;optimo;710400,334;9609568,186
116;2030;Reserva1;Bosque;1;I;2;II;ruim;708760,568;9609856,326
117;2030;Reserva1;Bosque;2;II;3;III;regular;708952,248;9610304,086
118;2030;Reserva1;Bosque;5;V;5;V;optimo;708599,087;9611916,38
119;2030;Reserva1;Bosque;4;IV;5;V;optimo;709846,232;9611149,967
120;2030;Reserva1;Bosque;5;V;5;V;optimo;713678,484;9600496,359
121;2035;Reserva1;Paramo;1;I;2;II;ruim;712420,973;9613667,374
122;2035;Reserva1;Paramo;5;V;5;V;optimo;714487,113;9600274,406
123;2035;Reserva1;Paramo;1;I;2;II;ruim;711460,712;9603985,639
124;2035;Reserva1;Paramo;1;I;2;II;ruim;711935,183;9600638,488
125;2035;Reserva1;Paramo;5;V;5;V;optimo;707478,077;9610585,526
126;2035;Reserva1;Paramo;5;V;5;V;optimo;708055,153;9611787,314
127;2035;Reserva1;Paramo;5;V;5;V;optimo;708772,264;9609299,429
128;2035;Reserva1;Paramo;2;II;3;III;regular;712211,281;9604980,484
129;2035;Reserva1;Paramo;3;III;4;IV;bom;715419,066;9605268,286
130;2035;Reserva1;Paramo;2;II;3;III;regular;711292,404;9609636,161
131;2035;Reserva1;Paramo;2;II;3;III;regular;706696,118;9612028,875
132;2035;Reserva1;Paramo;1;I;2;II;ruim;711511,792;9603261,741
133;2035;Reserva1;Paramo;3;III;4;IV;bom;706285,096;9611917,354
134;2035;Reserva1;Paramo;2;II;3;III;regular;707381,805;9608660,512
135;2035;Reserva1;Paramo;1;I;2;II;ruim;715990,181;9607416,739
136;2035;Reserva1;Paramo;4;IV;5;V;optimo;708375,221;9610514,328
137;2035;Reserva1;Paramo;2;II;3;III;regular;710525,177;9609280,735
138;2035;Reserva1;Paramo;3;III;4;IV;bom;711333,816;9600934,46
139;2035;Reserva1;Paramo;3;III;4;IV;bom;714036,249;9605171,166
140;2035;Reserva1;Paramo;5;V;5;V;optimo;713507,889;9602670,862
141;2035;Reserva1;Bosque;3;III;4;IV;bom;709912,189;9610720,263
142;2035;Reserva1;Bosque;5;V;5;V;optimo;710060,828;9606066,156
143;2035;Reserva1;Bosque;4;IV;5;V;optimo;715725,387;9606101,267
144;2035;Reserva1;Bosque;2;II;3;III;regular;711470,994;9613350,528
145;2035;Reserva1;Bosque;3;III;4;IV;bom;707867,071;9611393,521
146;2035;Reserva1;Bosque;1;I;2;II;ruim;710933,764;9614012,465
147;2035;Reserva1;Bosque;5;V;5;V;optimo;707511,57;9614289,685
148;2035;Reserva1;Bosque;1;I;2;II;ruim;711678,751;9607365,69
149;2035;Reserva1;Bosque;5;V;5;V;optimo;712052,473;9602664,136
150;2035;Reserva1;Bosque;1;I;2;II;ruim;711434,587;9604196,413
151;2035;Reserva1;Bosque;2;II;3;III;regular;708252,832;9608261,266
152;2035;Reserva1;Bosque;5;V;5;V;optimo;713317,558;9607351,911
153;2035;Reserva1;Bosque;4;IV;5;V;optimo;709354,092;9605800,255
154;2035;Reserva1;Bosque;1;I;2;II;ruim;713493,265;9601151,13
155;2035;Reserva1;Bosque;3;III;4;IV;bom;710400,334;9609568,186
156;2035;Reserva1;Bosque;2;II;3;III;regular;708760,568;9609856,326
157;2035;Reserva1;Bosque;4;IV;5;V;optimo;708952,248;9610304,086
158;2035;Reserva1;Bosque;2;II;3;III;regular;708599,087;9611916,38
159;2035;Reserva1;Bosque;3;III;4;IV;bom;709846,232;9611149,967
160;2035;Reserva1;Bosque;5;V;5;V;optimo;713678,484;9600496,359
161;2040;Reserva1;Paramo;2;II;2;II;ruim;712420,973;9613667,374
162;2040;Reserva1;Paramo;1;I;1;I;pesimo;714487,113;9600274,406
163;2040;Reserva1;Paramo;1;I;1;I;pesimo;711460,712;9603985,639
164;2040;Reserva1;Paramo;1;I;1;I;pesimo;711935,183;9600638,488
165;2040;Reserva1;Paramo;2;II;2;II;ruim;707478,077;9610585,526
166;2040;Reserva1;Paramo;1;I;1;I;pesimo;708055,153;9611787,314
167;2040;Reserva1;Paramo;2;II;2;II;ruim;708772,264;9609299,429
168;2040;Reserva1;Paramo;1;I;1;I;pesimo;712211,281;9604980,484
169;2040;Reserva1;Paramo;1;I;1;I;pesimo;715419,066;9605268,286
170;2040;Reserva1;Paramo;2;II;2;II;ruim;711292,404;9609636,161
171;2040;Reserva1;Paramo;3;III;3;III;regular;706696,118;9612028,875
172;2040;Reserva1;Paramo;5;V;5;V;optimo;711511,792;9603261,741
173;2040;Reserva1;Paramo;1;I;1;I;pesimo;706285,096;9611917,354
174;2040;Reserva1;Paramo;3;III;3;III;regular;707381,805;9608660,512
175;2040;Reserva1;Paramo;1;I;1;I;pesimo;715990,181;9607416,739
176;2040;Reserva1;Paramo;1;I;1;I;pesimo;708375,221;9610514,328
177;2040;Reserva1;Paramo;5;V;5;V;optimo;710525,177;9609280,735
178;2040;Reserva1;Paramo;3;III;3;III;regular;711333,816;9600934,46
179;2040;Reserva1;Paramo;2;II;2;II;ruim;714036,249;9605171,166
180;2040;Reserva1;Paramo;3;III;3;III;regular;713507,889;9602670,862
181;2040;Reserva1;Bosque;1;I;1;I;pesimo;709912,189;9610720,263
182;2040;Reserva1;Bosque;2;II;2;II;ruim;710060,828;9606066,156
183;2040;Reserva1;Bosque;5;V;5;V;optimo;715725,387;9606101,267
184;2040;Reserva1;Bosque;2;II;2;II;ruim;711470,994;9613350,528
185;2040;Reserva1;Bosque;2;II;2;II;ruim;707867,071;9611393,521
186;2040;Reserva1;Bosque;2;II;2;II;ruim;710933,764;9614012,465
187;2040;Reserva1;Bosque;1;I;1;I;pesimo;707511,57;9614289,685
188;2040;Reserva1;Bosque;4;IV;5;V;optimo;711678,751;9607365,69
189;2040;Reserva1;Bosque;3;III;3;III;regular;712052,473;9602664,136
190;2040;Reserva1;Bosque;1;I;1;I;pesimo;711434,587;9604196,413
191;2040;Reserva1;Bosque;5;V;5;V;optimo;708252,832;9608261,266
192;2040;Reserva1;Bosque;2;II;2;II;ruim;713317,558;9607351,911
193;2040;Reserva1;Bosque;4;IV;5;V;optimo;709354,092;9605800,255
194;2040;Reserva1;Bosque;5;V;5;V;optimo;713493,265;9601151,13
195;2040;Reserva1;Bosque;2;II;2;II;ruim;710400,334;9609568,186
196;2040;Reserva1;Bosque;1;I;1;I;pesimo;708760,568;9609856,326
197;2040;Reserva1;Bosque;4;IV;5;V;optimo;708952,248;9610304,086
198;2040;Reserva1;Bosque;4;IV;5;V;optimo;708599,087;9611916,38
199;2040;Reserva1;Bosque;3;III;3;III;regular;709846,232;9611149,967
200;2040;Reserva1;Bosque;4;IV;5;V;optimo;713678,484;9600496,359
201;2045;Reserva1;Paramo;3;III;3;III;regular;712420,973;9613667,374
202;2045;Reserva1;Paramo;3;III;3;III;regular;714487,113;9600274,406
203;2045;Reserva1;Paramo;2;II;2;II;ruim;711460,712;9603985,639
204;2045;Reserva1;Paramo;1;I;1;I;pesimo;711935,183;9600638,488
205;2045;Reserva1;Paramo;1;I;1;I;pesimo;707478,077;9610585,526
206;2045;Reserva1;Paramo;3;III;3;III;regular;708055,153;9611787,314
207;2045;Reserva1;Paramo;5;V;5;V;optimo;708772,264;9609299,429
208;2045;Reserva1;Paramo;1;I;1;I;pesimo;712211,281;9604980,484
209;2045;Reserva1;Paramo;2;II;2;II;ruim;715419,066;9605268,286
210;2045;Reserva1;Paramo;4;IV;5;V;optimo;711292,404;9609636,161
211;2045;Reserva1;Paramo;2;II;2;II;ruim;706696,118;9612028,875
212;2045;Reserva1;Paramo;3;III;3;III;regular;711511,792;9603261,741
213;2045;Reserva1;Paramo;3;III;3;III;regular;706285,096;9611917,354
214;2045;Reserva1;Paramo;5;V;5;V;optimo;707381,805;9608660,512
215;2045;Reserva1;Paramo;5;V;5;V;optimo;715990,181;9607416,739
216;2045;Reserva1;Paramo;3;III;3;III;regular;708375,221;9610514,328
217;2045;Reserva1;Paramo;2;II;2;II;ruim;710525,177;9609280,735
218;2045;Reserva1;Paramo;2;II;2;II;ruim;711333,816;9600934,46
219;2045;Reserva1;Paramo;4;IV;5;V;optimo;714036,249;9605171,166
220;2045;Reserva1;Paramo;4;IV;5;V;optimo;713507,889;9602670,862
221;2045;Reserva1;Bosque;4;IV;5;V;optimo;709912,189;9610720,263
222;2045;Reserva1;Bosque;3;III;3;III;regular;710060,828;9606066,156
223;2045;Reserva1;Bosque;1;I;1;I;pesimo;715725,387;9606101,267
224;2045;Reserva1;Bosque;2;II;2;II;ruim;711470,994;9613350,528
225;2045;Reserva1;Bosque;1;I;1;I;pesimo;707867,071;9611393,521
226;2045;Reserva1;Bosque;1;I;1;I;pesimo;710933,764;9614012,465
227;2045;Reserva1;Bosque;3;III;3;III;regular;707511,57;9614289,685
228;2045;Reserva1;Bosque;4;IV;5;V;optimo;711678,751;9607365,69
229;2045;Reserva1;Bosque;2;II;2;II;ruim;712052,473;9602664,136
230;2045;Reserva1;Bosque;1;I;1;I;pesimo;711434,587;9604196,413
231;2045;Reserva1;Bosque;4;IV;5;V;optimo;708252,832;9608261,266
232;2045;Reserva1;Bosque;1;I;1;I;pesimo;713317,558;9607351,911
233;2045;Reserva1;Bosque;5;V;5;V;optimo;709354,092;9605800,255
234;2045;Reserva1;Bosque;3;III;3;III;regular;713493,265;9601151,13
235;2045;Reserva1;Bosque;1;I;1;I;pesimo;710400,334;9609568,186
236;2045;Reserva1;Bosque;4;IV;5;V;optimo;708760,568;9609856,326
237;2045;Reserva1;Bosque;5;V;5;V;optimo;708952,248;9610304,086
238;2045;Reserva1;Bosque;4;IV;5;V;optimo;708599,087;9611916,38
239;2045;Reserva1;Bosque;4;IV;5;V;optimo;709846,232;9611149,967
240;2045;Reserva1;Bosque;3;III;3;III;regular;713678,484;9600496,359
241;2000;Reserva2;Paramo;4;IV;4;IV;bom;774305,819;9702088,204
242;2000;Reserva2;Paramo;4;IV;4;IV;bom;775030,363;9705569,859
243;2000;Reserva2;Paramo;4;IV;4;IV;bom;776282,478;9703587,841
244;2000;Reserva2;Paramo;4;IV;4;IV;bom;776975,07;9708306,543
245;2000;Reserva2;Paramo;4;IV;4;IV;bom;775000,38;9702428,564
246;2000;Reserva2;Paramo;4;IV;4;IV;bom;775524,713;9705206,966
247;2000;Reserva2;Paramo;4;IV;4;IV;bom;776364,053;9708355,088
248;2000;Reserva2;Paramo;5;V;5;V;optimo;777361,872;9709694,162
249;2000;Reserva2;Paramo;5;V;5;V;optimo;777305,042;9706545,214
250;2000;Reserva2;Paramo;5;V;5;V;optimo;775137,655;9706718,7
251;2000;Reserva2;Paramo;4;IV;4;IV;bom;774644,154;9704156,705
252;2000;Reserva2;Paramo;5;V;5;V;optimo;774276,176;9705706,982
253;2000;Reserva2;Paramo;5;V;5;V;optimo;776795,167;9704608,368
254;2000;Reserva2;Paramo;4;IV;4;IV;bom;775871,032;9704584,014
255;2000;Reserva2;Paramo;5;V;5;V;optimo;776251,914;9706271,277
256;2000;Reserva2;Paramo;5;V;5;V;optimo;776288,213;9709531,623
257;2000;Reserva2;Paramo;5;V;5;V;optimo;777234,306;9706511,969
258;2000;Reserva2;Paramo;5;V;5;V;optimo;776749,748;9708619,132
259;2000;Reserva2;Paramo;4;IV;4;IV;bom;777791,94;9707133,498
260;2000;Reserva2;Paramo;4;IV;4;IV;bom;775189,441;9703511,537
261;2000;Reserva2;Bosque;4;IV;4;IV;bom;777932,166;9708984,318
262;2000;Reserva2;Bosque;4;IV;4;IV;bom;775863,2;9709884,941
263;2000;Reserva2;Bosque;5;V;5;V;optimo;775055,491;9703764,03
264;2000;Reserva2;Bosque;5;V;5;V;optimo;776026,111;9709626,578
265;2000;Reserva2;Bosque;4;IV;4;IV;bom;776156,599;9704732,134
266;2000;Reserva2;Bosque;4;IV;4;IV;bom;774040,765;9703469,266
267;2000;Reserva2;Bosque;5;V;5;V;optimo;775661,936;9703403,825
268;2000;Reserva2;Bosque;5;V;5;V;optimo;777283,84;9709746,11
269;2000;Reserva2;Bosque;5;V;5;V;optimo;776583,209;9706714,298
270;2000;Reserva2;Bosque;4;IV;4;IV;bom;776466,132;9705240,847
271;2000;Reserva2;Bosque;4;IV;4;IV;bom;777261,819;9709675,946
272;2000;Reserva2;Bosque;4;IV;4;IV;bom;776471,548;9709207,86
273;2000;Reserva2;Bosque;4;IV;4;IV;bom;774887,363;9703421,635
274;2000;Reserva2;Bosque;4;IV;4;IV;bom;775485,139;9705620,129
275;2000;Reserva2;Bosque;4;IV;4;IV;bom;776065,031;9702744,662
276;2000;Reserva2;Bosque;4;IV;4;IV;bom;777877,488;9708963,389
277;2000;Reserva2;Bosque;5;V;5;V;optimo;776363,955;9707751,728
278;2000;Reserva2;Bosque;5;V;5;V;optimo;776208,527;9710074,973
279;2000;Reserva2;Bosque;5;V;5;V;optimo;776586,778;9708878,825
280;2000;Reserva2;Bosque;5;V;5;V;optimo;774368,977;9704509,45
241;2025;Reserva2;Paramo;1;I;1;I;pesimo;774305,819;9702088,204
242;2025;Reserva2;Paramo;2;II;2;II;ruim;775030,363;9705569,859
243;2025;Reserva2;Paramo;4;IV;4;IV;bom;776282,478;9703587,841
244;2025;Reserva2;Paramo;4;IV;4;IV;bom;776975,07;9708306,543
245;2025;Reserva2;Paramo;2;II;2;II;ruim;775000,38;9702428,564
246;2025;Reserva2;Paramo;1;I;1;I;pesimo;775524,713;9705206,966
247;2025;Reserva2;Paramo;4;IV;4;IV;bom;776364,053;9708355,088
248;2025;Reserva2;Paramo;4;IV;4;IV;bom;777361,872;9709694,162
249;2025;Reserva2;Paramo;4;IV;4;IV;bom;777305,042;9706545,214
250;2025;Reserva2;Paramo;1;I;1;I;pesimo;775137,655;9706718,7
251;2025;Reserva2;Paramo;4;IV;4;IV;bom;774644,154;9704156,705
252;2025;Reserva2;Paramo;5;V;5;V;optimo;774276,176;9705706,982
253;2025;Reserva2;Paramo;3;III;3;III;regular;776795,167;9704608,368
254;2025;Reserva2;Paramo;4;IV;4;IV;bom;775871,032;9704584,014
255;2025;Reserva2;Paramo;3;III;3;III;regular;776251,914;9706271,277
256;2025;Reserva2;Paramo;5;V;5;V;optimo;776288,213;9709531,623
257;2025;Reserva2;Paramo;1;I;1;I;pesimo;777234,306;9706511,969
258;2025;Reserva2;Paramo;1;I;1;I;pesimo;776749,748;9708619,132
259;2025;Reserva2;Paramo;4;IV;4;IV;bom;777791,94;9707133,498
260;2025;Reserva2;Paramo;3;III;3;III;regular;775189,441;9703511,537
261;2025;Reserva2;Bosque;2;II;2;II;ruim;777932,166;9708984,318
262;2025;Reserva2;Bosque;4;IV;4;IV;bom;775863,2;9709884,941
263;2025;Reserva2;Bosque;2;II;2;II;ruim;775055,491;9703764,03
264;2025;Reserva2;Bosque;1;I;1;I;pesimo;776026,111;9709626,578
265;2025;Reserva2;Bosque;4;IV;4;IV;bom;776156,599;9704732,134
266;2025;Reserva2;Bosque;4;IV;4;IV;bom;774040,765;9703469,266
267;2025;Reserva2;Bosque;5;V;5;V;optimo;775661,936;9703403,825
268;2025;Reserva2;Bosque;2;II;2;II;ruim;777283,84;9709746,11
269;2025;Reserva2;Bosque;3;III;3;III;regular;776583,209;9706714,298
270;2025;Reserva2;Bosque;4;IV;4;IV;bom;776466,132;9705240,847
271;2025;Reserva2;Bosque;3;III;3;III;regular;777261,819;9709675,946
272;2025;Reserva2;Bosque;3;III;3;III;regular;776471,548;9709207,86
273;2025;Reserva2;Bosque;2;II;2;II;ruim;774887,363;9703421,635
274;2025;Reserva2;Bosque;2;II;2;II;ruim;775485,139;9705620,129
275;2025;Reserva2;Bosque;2;II;2;II;ruim;776065,031;9702744,662
276;2025;Reserva2;Bosque;2;II;2;II;ruim;777877,488;9708963,389
277;2025;Reserva2;Bosque;5;V;5;V;optimo;776363,955;9707751,728
278;2025;Reserva2;Bosque;1;I;1;I;pesimo;776208,527;9710074,973
279;2025;Reserva2;Bosque;5;V;5;V;optimo;776586,778;9708878,825
280;2025;Reserva2;Bosque;2;II;2;II;ruim;774368,977;9704509,45
281;2030;Reserva2;Paramo;4;IV;3;III;regular;774305,819;9702088,204
282;2030;Reserva2;Paramo;5;V;5;V;optimo;775030,363;9705569,859
283;2030;Reserva2;Paramo;2;II;2;II;ruim;776282,478;9703587,841
284;2030;Reserva2;Paramo;4;IV;4;IV;bom;776975,07;9708306,543
285;2030;Reserva2;Paramo;5;V;5;V;optimo;775000,38;9702428,564
286;2030;Reserva2;Paramo;2;II;3;III;regular;775524,713;9705206,966
287;2030;Reserva2;Paramo;5;V;5;V;optimo;776364,053;9708355,088
288;2030;Reserva2;Paramo;2;II;2;II;ruim;777361,872;9709694,162
289;2030;Reserva2;Paramo;4;IV;4;IV;bom;777305,042;9706545,214
290;2030;Reserva2;Paramo;3;III;3;III;regular;775137,655;9706718,7
291;2030;Reserva2;Paramo;5;V;5;V;optimo;774644,154;9704156,705
292;2030;Reserva2;Paramo;4;IV;5;V;optimo;774276,176;9705706,982
293;2030;Reserva2;Paramo;2;II;3;III;regular;776795,167;9704608,368
294;2030;Reserva2;Paramo;1;I;2;II;ruim;775871,032;9704584,014
295;2030;Reserva2;Paramo;1;I;1;I;pesimo;776251,914;9706271,277
296;2030;Reserva2;Paramo;5;V;5;V;optimo;776288,213;9709531,623
297;2030;Reserva2;Paramo;1;I;2;II;ruim;777234,306;9706511,969
298;2030;Reserva2;Paramo;1;I;1;I;pesimo;776749,748;9708619,132
299;2030;Reserva2;Paramo;3;III;2;II;ruim;777791,94;9707133,498
300;2030;Reserva2;Paramo;4;IV;4;IV;bom;775189,441;9703511,537
301;2030;Reserva2;Bosque;3;III;3;III;regular;777932,166;9708984,318
302;2030;Reserva2;Bosque;4;IV;4;IV;bom;775863,2;9709884,941
303;2030;Reserva2;Bosque;2;II;1;I;pesimo;775055,491;9703764,03
304;2030;Reserva2;Bosque;5;V;5;V;optimo;776026,111;9709626,578
305;2030;Reserva2;Bosque;4;IV;3;III;regular;776156,599;9704732,134
306;2030;Reserva2;Bosque;3;III;4;IV;bom;774040,765;9703469,266
307;2030;Reserva2;Bosque;2;II;2;II;ruim;775661,936;9703403,825
308;2030;Reserva2;Bosque;5;V;5;V;optimo;777283,84;9709746,11
309;2030;Reserva2;Bosque;1;I;1;I;pesimo;776583,209;9706714,298
310;2030;Reserva2;Bosque;5;V;5;V;optimo;776466,132;9705240,847
311;2030;Reserva2;Bosque;1;I;1;I;pesimo;777261,819;9709675,946
312;2030;Reserva2;Bosque;5;V;5;V;optimo;776471,548;9709207,86
313;2030;Reserva2;Bosque;1;I;2;II;ruim;774887,363;9703421,635
314;2030;Reserva2;Bosque;4;IV;4;IV;bom;775485,139;9705620,129
315;2030;Reserva2;Bosque;5;V;5;V;optimo;776065,031;9702744,662
316;2030;Reserva2;Bosque;4;IV;5;V;optimo;777877,488;9708963,389
317;2030;Reserva2;Bosque;3;III;3;III;regular;776363,955;9707751,728
318;2030;Reserva2;Bosque;1;I;1;I;pesimo;776208,527;9710074,973
319;2030;Reserva2;Bosque;3;III;4;IV;bom;776586,778;9708878,825
320;2030;Reserva2;Bosque;5;V;5;V;optimo;774368,977;9704509,45
321;2035;Reserva2;Paramo;1;I;1;I;pesimo;774305,819;9702088,204
322;2035;Reserva2;Paramo;1;I;1;I;pesimo;775030,363;9705569,859
323;2035;Reserva2;Paramo;5;V;5;V;optimo;776282,478;9703587,841
324;2035;Reserva2;Paramo;2;II;2;II;ruim;776975,07;9708306,543
325;2035;Reserva2;Paramo;5;V;5;V;optimo;775000,38;9702428,564
326;2035;Reserva2;Paramo;3;III;3;III;regular;775524,713;9705206,966
327;2035;Reserva2;Paramo;5;V;5;V;optimo;776364,053;9708355,088
328;2035;Reserva2;Paramo;4;IV;3;III;regular;777361,872;9709694,162
329;2035;Reserva2;Paramo;3;III;3;III;regular;777305,042;9706545,214
330;2035;Reserva2;Paramo;1;I;1;I;pesimo;775137,655;9706718,7
331;2035;Reserva2;Paramo;2;II;2;II;ruim;774644,154;9704156,705
332;2035;Reserva2;Paramo;4;IV;4;IV;bom;774276,176;9705706,982
333;2035;Reserva2;Paramo;5;V;5;V;optimo;776795,167;9704608,368
334;2035;Reserva2;Paramo;5;V;5;V;optimo;775871,032;9704584,014
335;2035;Reserva2;Paramo;1;I;1;I;pesimo;776251,914;9706271,277
336;2035;Reserva2;Paramo;4;IV;4;IV;bom;776288,213;9709531,623
337;2035;Reserva2;Paramo;3;III;3;III;regular;777234,306;9706511,969
338;2035;Reserva2;Paramo;2;II;2;II;ruim;776749,748;9708619,132
339;2035;Reserva2;Paramo;5;V;5;V;optimo;777791,94;9707133,498
340;2035;Reserva2;Paramo;2;II;2;II;ruim;775189,441;9703511,537
341;2035;Reserva2;Bosque;3;III;3;III;regular;777932,166;9708984,318
342;2035;Reserva2;Bosque;1;I;1;I;pesimo;775863,2;9709884,941
343;2035;Reserva2;Bosque;5;V;5;V;optimo;775055,491;9703764,03
344;2035;Reserva2;Bosque;1;I;1;I;pesimo;776026,111;9709626,578
345;2035;Reserva2;Bosque;2;II;2;II;ruim;776156,599;9704732,134
346;2035;Reserva2;Bosque;1;I;1;I;pesimo;774040,765;9703469,266
347;2035;Reserva2;Bosque;4;IV;5;V;optimo;775661,936;9703403,825
348;2035;Reserva2;Bosque;5;V;5;V;optimo;777283,84;9709746,11
349;2035;Reserva2;Bosque;1;I;1;I;pesimo;776583,209;9706714,298
350;2035;Reserva2;Bosque;4;IV;4;IV;bom;776466,132;9705240,847
351;2035;Reserva2;Bosque;5;V;5;V;optimo;777261,819;9709675,946
352;2035;Reserva2;Bosque;2;II;2;II;ruim;776471,548;9709207,86
353;2035;Reserva2;Bosque;2;II;2;II;ruim;774887,363;9703421,635
354;2035;Reserva2;Bosque;5;V;5;V;optimo;775485,139;9705620,129
355;2035;Reserva2;Bosque;5;V;5;V;optimo;776065,031;9702744,662
356;2035;Reserva2;Bosque;3;III;3;III;regular;777877,488;9708963,389
357;2035;Reserva2;Bosque;5;V;5;V;optimo;776363,955;9707751,728
358;2035;Reserva2;Bosque;5;V;5;V;optimo;776208,527;9710074,973
359;2035;Reserva2;Bosque;2;II;2;II;ruim;776586,778;9708878,825
360;2035;Reserva2;Bosque;4;IV;3;III;regular;774368,977;9704509,45
361;2040;Reserva2;Paramo;2;II;2;II;ruim;774305,819;9702088,204
362;2040;Reserva2;Paramo;2;II;2;II;ruim;775030,363;9705569,859
363;2040;Reserva2;Paramo;1;I;1;I;pesimo;776282,478;9703587,841
364;2040;Reserva2;Paramo;2;II;2;II;ruim;776975,07;9708306,543
365;2040;Reserva2;Paramo;3;III;3;III;regular;775000,38;9702428,564
366;2040;Reserva2;Paramo;5;V;5;V;optimo;775524,713;9705206,966
367;2040;Reserva2;Paramo;1;I;1;I;pesimo;776364,053;9708355,088
368;2040;Reserva2;Paramo;4;IV;3;III;regular;777361,872;9709694,162
369;2040;Reserva2;Paramo;5;V;5;V;optimo;777305,042;9706545,214
370;2040;Reserva2;Paramo;3;III;3;III;regular;775137,655;9706718,7
371;2040;Reserva2;Paramo;5;V;5;V;optimo;774644,154;9704156,705
372;2040;Reserva2;Paramo;3;III;3;III;regular;774276,176;9705706,982
373;2040;Reserva2;Paramo;4;IV;4;IV;bom;776795,167;9704608,368
374;2040;Reserva2;Paramo;1;I;1;I;pesimo;775871,032;9704584,014
375;2040;Reserva2;Paramo;3;III;3;III;regular;776251,914;9706271,277
376;2040;Reserva2;Paramo;5;V;5;V;optimo;776288,213;9709531,623
377;2040;Reserva2;Paramo;2;II;2;II;ruim;777234,306;9706511,969
378;2040;Reserva2;Paramo;2;II;2;II;ruim;776749,748;9708619,132
379;2040;Reserva2;Paramo;5;V;5;V;optimo;777791,94;9707133,498
380;2040;Reserva2;Paramo;1;I;1;I;pesimo;775189,441;9703511,537
381;2040;Reserva2;Bosque;5;V;5;V;optimo;777932,166;9708984,318
382;2040;Reserva2;Bosque;3;III;3;III;regular;775863,2;9709884,941
383;2040;Reserva2;Bosque;1;I;1;I;pesimo;775055,491;9703764,03
384;2040;Reserva2;Bosque;5;V;5;V;optimo;776026,111;9709626,578
385;2040;Reserva2;Bosque;4;IV;4;IV;bom;776156,599;9704732,134
386;2040;Reserva2;Bosque;4;IV;5;V;optimo;774040,765;9703469,266
387;2040;Reserva2;Bosque;2;II;2;II;ruim;775661,936;9703403,825
388;2040;Reserva2;Bosque;2;II;2;II;ruim;777283,84;9709746,11
389;2040;Reserva2;Bosque;2;II;2;II;ruim;776583,209;9706714,298
390;2040;Reserva2;Bosque;5;V;5;V;optimo;776466,132;9705240,847
391;2040;Reserva2;Bosque;4;IV;4;IV;bom;777261,819;9709675,946
392;2040;Reserva2;Bosque;2;II;2;II;ruim;776471,548;9709207,86
393;2040;Reserva2;Bosque;2;II;2;II;ruim;774887,363;9703421,635
394;2040;Reserva2;Bosque;5;V;5;V;optimo;775485,139;9705620,129
395;2040;Reserva2;Bosque;4;IV;5;V;optimo;776065,031;9702744,662
396;2040;Reserva2;Bosque;4;IV;4;IV;bom;777877,488;9708963,389
397;2040;Reserva2;Bosque;5;V;5;V;optimo;776363,955;9707751,728
398;2040;Reserva2;Bosque;3;III;3;III;regular;776208,527;9710074,973
399;2040;Reserva2;Bosque;5;V;5;V;optimo;776586,778;9708878,825
400;2040;Reserva2;Bosque;5;V;5;V;optimo;774368,977;9704509,45
401;2045;Reserva2;Paramo;5;V;5;V;optimo;774305,819;9702088,204
402;2045;Reserva2;Paramo;2;II;2;II;ruim;775030,363;9705569,859
403;2045;Reserva2;Paramo;1;I;1;I;pesimo;776282,478;9703587,841
404;2045;Reserva2;Paramo;5;V;5;V;optimo;776975,07;9708306,543
405;2045;Reserva2;Paramo;4;IV;4;IV;bom;775000,38;9702428,564
406;2045;Reserva2;Paramo;4;IV;5;V;optimo;775524,713;9705206,966
407;2045;Reserva2;Paramo;3;III;3;III;regular;776364,053;9708355,088
408;2045;Reserva2;Paramo;1;I;1;I;pesimo;777361,872;9709694,162
409;2045;Reserva2;Paramo;2;II;2;II;ruim;777305,042;9706545,214
410;2045;Reserva2;Paramo;2;II;2;II;ruim;775137,655;9706718,7
411;2045;Reserva2;Paramo;4;IV;4;IV;bom;774644,154;9704156,705
412;2045;Reserva2;Paramo;5;V;5;V;optimo;774276,176;9705706,982
413;2045;Reserva2;Paramo;2;II;2;II;ruim;776795,167;9704608,368
414;2045;Reserva2;Paramo;2;II;2;II;ruim;775871,032;9704584,014
415;2045;Reserva2;Paramo;5;V;5;V;optimo;776251,914;9706271,277
416;2045;Reserva2;Paramo;2;II;2;II;ruim;776288,213;9709531,623
417;2045;Reserva2;Paramo;2;II;2;II;ruim;777234,306;9706511,969
418;2045;Reserva2;Paramo;4;IV;3;III;regular;776749,748;9708619,132
419;2045;Reserva2;Paramo;2;II;2;II;ruim;777791,94;9707133,498
420;2045;Reserva2;Paramo;5;V;5;V;optimo;775189,441;9703511,537
421;2045;Reserva2;Bosque;3;III;3;III;regular;777932,166;9708984,318
422;2045;Reserva2;Bosque;5;V;5;V;optimo;775863,2;9709884,941
423;2045;Reserva2;Bosque;1;I;1;I;pesimo;775055,491;9703764,03
424;2045;Reserva2;Bosque;2;II;2;II;ruim;776026,111;9709626,578
425;2045;Reserva2;Bosque;4;IV;4;IV;bom;776156,599;9704732,134
426;2045;Reserva2;Bosque;5;V;5;V;optimo;774040,765;9703469,266
427;2045;Reserva2;Bosque;5;V;5;V;optimo;775661,936;9703403,825
428;2045;Reserva2;Bosque;1;I;1;I;pesimo;777283,84;9709746,11
429;2045;Reserva2;Bosque;1;I;1;I;pesimo;776583,209;9706714,298
430;2045;Reserva2;Bosque;5;V;5;V;optimo;776466,132;9705240,847
431;2045;Reserva2;Bosque;4;IV;4;IV;bom;777261,819;9709675,946
432;2045;Reserva2;Bosque;2;II;2;II;ruim;776471,548;9709207,86
433;2045;Reserva2;Bosque;2;II;2;II;ruim;774887,363;9703421,635
434;2045;Reserva2;Bosque;1;I;1;I;pesimo;775485,139;9705620,129
435;2045;Reserva2;Bosque;5;V;5;V;optimo;776065,031;9702744,662
436;2045;Reserva2;Bosque;1;I;1;I;pesimo;777877,488;9708963,389
437;2045;Reserva2;Bosque;5;V;5;V;optimo;776363,955;9707751,728
438;2045;Reserva2;Bosque;3;III;3;III;regular;776208,527;9710074,973
439;2045;Reserva2;Bosque;3;III;3;III;regular;776586,778;9708878,825
440;2045;Reserva2;Bosque;2;II;2;II;ruim;774368,977;9704509,45